Región;Comuna;Código postal
Ciudad de México;Azcapotzalco;02640
Ciudad de México;Miguel Hidalgo;11289
Ciudad de México;Iztacalco;08800
Ciudad de México;Iztacalco;08620
Ciudad de México;Azcapotzalco;02770
Ciudad de México;Miguel Hidalgo;11290
Ciudad de México;Azcapotzalco;02230
Ciudad de México;Gustavo A. Madero;07780
Ciudad de México;Venustiano Carranza;15260
Ciudad de México;Azcapotzalco;02710
Ciudad de México;Azcapotzalco;02519
Ciudad de México;Benito Juárez;03910
Ciudad de México;Venustiano Carranza;15250
Ciudad de México;Gustavo A. Madero;07300
Ciudad de México;Miguel Hidalgo;11870
Ciudad de México;Gustavo A. Madero;07700
Ciudad de México;Venustiano Carranza;15400
Ciudad de México;Cuauhtémoc;06240
Ciudad de México;Iztacalco;08910
Ciudad de México;Álvaro Obregón;01109
Ciudad de México;Miguel Hidalgo;11650
Ciudad de México;Venustiano Carranza;15830
Ciudad de México;Cuauhtémoc;06880
Ciudad de México;Azcapotzalco;02360
Ciudad de México;Venustiano Carranza;15300
Ciudad de México;Azcapotzalco;02459
Ciudad de México;Benito Juárez;03920
Ciudad de México;Iztacalco;08810
Ciudad de México;Miguel Hidalgo;11560
Ciudad de México;Gustavo A. Madero;07760
Ciudad de México;Azcapotzalco;02330
Ciudad de México;Benito Juárez;03303
Estado de México;Naucalpan de Juárez;53350
Ciudad de México;Azcapotzalco;02129
Ciudad de México;Álvaro Obregón;01140
Ciudad de México;Azcapotzalco;02750
Ciudad de México;Benito Juárez;03103
Estado de México;Naucalpan de Juárez;53569
Ciudad de México;Cuauhtémoc;06400
Ciudad de México;Miguel Hidalgo;11530
Ciudad de México;Cuauhtémoc;06430
Ciudad de México;Iztacalco;08920
Ciudad de México;Azcapotzalco;02970
Ciudad de México;Venustiano Carranza;15800
Ciudad de México;Cuauhtémoc;06350
Ciudad de México;Azcapotzalco;02660
Ciudad de México;Álvaro Obregón;01460
Ciudad de México;Cuauhtémoc;06300
Ciudad de México;Venustiano Carranza;15840
Ciudad de México;Gustavo A. Madero;07720
Ciudad de México;Benito Juárez;03650
Ciudad de México;Miguel Hidalgo;11370
Ciudad de México;Miguel Hidalgo;11580
Ciudad de México;Iztacalco;08770
Ciudad de México;Azcapotzalco;02500
Ciudad de México;Miguel Hidalgo;11600
Ciudad de México;Álvaro Obregón;01280
Ciudad de México;Álvaro Obregón;01120
Estado de México;Naucalpan de Juárez;53329
Ciudad de México;Venustiano Carranza;15470
Ciudad de México;Azcapotzalco;02070
Ciudad de México;Álvaro Obregón;01100
Ciudad de México;Miguel Hidalgo;11320
Ciudad de México;Miguel Hidalgo;11480
Ciudad de México;Venustiano Carranza;15810
Ciudad de México;Benito Juárez;03230
Ciudad de México;Álvaro Obregón;01125
Ciudad de México;Iztacalco;08830
Ciudad de México;Miguel Hidalgo;11619
Ciudad de México;Gustavo A. Madero;07800
Ciudad de México;Miguel Hidalgo;11450
Ciudad de México;Miguel Hidalgo;11240
Ciudad de México;Miguel Hidalgo;11200
Ciudad de México;Benito Juárez;03000
Ciudad de México;Venustiano Carranza;15860
Ciudad de México;Miguel Hidalgo;11040
Ciudad de México;Azcapotzalco;02160
Ciudad de México;Azcapotzalco;02680
Ciudad de México;Venustiano Carranza;15270
Ciudad de México;Álvaro Obregón;01170
Ciudad de México;Iztacalco;08310
Ciudad de México;Miguel Hidalgo;11100
Ciudad de México;Benito Juárez;03720
Ciudad de México;Cuauhtémoc;06850
Ciudad de México;Azcapotzalco;02090
Ciudad de México;Iztacalco;08840
Ciudad de México;Azcapotzalco;02650
Ciudad de México;Benito Juárez;03640
Ciudad de México;Álvaro Obregón;01289
Ciudad de México;Benito Juárez;03730
Ciudad de México;Cuauhtémoc;06900
Ciudad de México;Miguel Hidalgo;11310
Ciudad de México;Gustavo A. Madero;07860
Ciudad de México;Azcapotzalco;02670
Ciudad de México;Azcapotzalco;02520
Ciudad de México;Azcapotzalco;02840
Ciudad de México;Azcapotzalco;02140
Ciudad de México;Venustiano Carranza;15430
Ciudad de México;Azcapotzalco;02930
Ciudad de México;Cuauhtémoc;06920
Ciudad de México;Venustiano Carranza;15280
Ciudad de México;Venustiano Carranza;15980
Ciudad de México;Azcapotzalco;02700
Ciudad de México;Benito Juárez;03520
Ciudad de México;Gustavo A. Madero;07770
Ciudad de México;Miguel Hidalgo;11400
Ciudad de México;Iztacalco;08710
Ciudad de México;Iztacalco;08700
Ciudad de México;Benito Juárez;03600
Ciudad de México;Miguel Hidalgo;11350
Ciudad de México;Azcapotzalco;02470
Ciudad de México;Cuauhtémoc;06500
Ciudad de México;Miguel Hidalgo;11410
Ciudad de México;Benito Juárez;03310
Ciudad de México;Gustavo A. Madero;07899
Ciudad de México;Álvaro Obregón;01160
Ciudad de México;Iztacalco;08650
Ciudad de México;Cuauhtémoc;06890
Ciudad de México;Venustiano Carranza;15370
Ciudad de México;Cuauhtémoc;06090
Ciudad de México;Gustavo A. Madero;07790
Ciudad de México;Cuauhtémoc;06280
Ciudad de México;Miguel Hidalgo;11800
Ciudad de México;Miguel Hidalgo;11000
Ciudad de México;Miguel Hidalgo;11500
Ciudad de México;Miguel Hidalgo;11360
Estado de México;Naucalpan de Juárez;53370
Ciudad de México;Miguel Hidalgo;11610
Ciudad de México;Iztacalco;08240
Ciudad de México;Venustiano Carranza;15420
Ciudad de México;Azcapotzalco;02790
Ciudad de México;Miguel Hidalgo;11810
Ciudad de México;Venustiano Carranza;15340
Ciudad de México;Azcapotzalco;02940
Estado de México;Naucalpan de Juárez;53560
Ciudad de México;Miguel Hidalgo;11330
Ciudad de México;Gustavo A. Madero;07838
Ciudad de México;Miguel Hidalgo;11489
Ciudad de México;Benito Juárez;03104
Ciudad de México;Azcapotzalco;02630
Ciudad de México;Benito Juárez;03840
Ciudad de México;Cuauhtémoc;06170
Ciudad de México;Álvaro Obregón;01139
Ciudad de México;Venustiano Carranza;15410
Ciudad de México;Azcapotzalco;02000
Ciudad de México;Cuauhtémoc;06470
Estado de México;Naucalpan de Juárez;53550
Ciudad de México;Gustavo A. Madero;07020
Ciudad de México;Azcapotzalco;02990
Ciudad de México;Cuauhtémoc;06450
Ciudad de México;Venustiano Carranza;15390
Ciudad de México;Cuauhtémoc;06840
Ciudad de México;Miguel Hidalgo;11520
Ciudad de México;Azcapotzalco;02130
Ciudad de México;Cuauhtémoc;06870
Ciudad de México;Azcapotzalco;02010
Ciudad de México;Azcapotzalco;02910
Ciudad de México;Benito Juárez;03410
Ciudad de México;Azcapotzalco;02900
Ciudad de México;Iztacalco;08320
Estado de México;Naucalpan de Juárez;53348
Ciudad de México;Venustiano Carranza;15240
Ciudad de México;Álvaro Obregón;01150
Ciudad de México;Gustavo A. Madero;07050
Ciudad de México;Benito Juárez;03100
Ciudad de México;Benito Juárez;03540
Ciudad de México;Miguel Hidalgo;11550
Ciudad de México;Cuauhtémoc;06080
Ciudad de México;Benito Juárez;03510
Ciudad de México;Azcapotzalco;02200
Ciudad de México;Gustavo A. Madero;07730
Ciudad de México;Venustiano Carranza;15500
Ciudad de México;Miguel Hidalgo;11860
Ciudad de México;Azcapotzalco;02480
Ciudad de México;Cuauhtémoc;06800
Ciudad de México;Miguel Hidalgo;11510
Ciudad de México;Álvaro Obregón;01180
Ciudad de México;Benito Juárez;03023
Ciudad de México;Benito Juárez;03500
Ciudad de México;Gustavo A. Madero;07870
Ciudad de México;Azcapotzalco;02860
Ciudad de México;Azcapotzalco;02760
Ciudad de México;Miguel Hidalgo;11280
Ciudad de México;Azcapotzalco;02810
Ciudad de México;Venustiano Carranza;15820
Ciudad de México;Gustavo A. Madero;07755
Ciudad de México;Venustiano Carranza;15309
Ciudad de México;Azcapotzalco;02490
Ciudad de México;Benito Juárez;03010
Ciudad de México;Benito Juárez;03630
Ciudad de México;Benito Juárez;03710
Ciudad de México;Cuauhtémoc;06060
Ciudad de México;Benito Juárez;03800
Ciudad de México;Cuauhtémoc;06100
Ciudad de México;Benito Juárez;03320
Ciudad de México;Benito Juárez;03810
Ciudad de México;Venustiano Carranza;15339
Ciudad de México;Miguel Hidalgo;11340
Ciudad de México;Miguel Hidalgo;11420
Estado de México;Naucalpan de Juárez;53519
Ciudad de México;Gustavo A. Madero;07869
Ciudad de México;Benito Juárez;03660
Ciudad de México;Azcapotzalco;02400
Ciudad de México;Venustiano Carranza;15990
Ciudad de México;Azcapotzalco;02099
Ciudad de México;Cuauhtémoc;06270
Ciudad de México;Azcapotzalco;02440
Estado de México;Naucalpan de Juárez;53533
Ciudad de México;Cuauhtémoc;06200
Ciudad de México;Venustiano Carranza;15970
Ciudad de México;Benito Juárez;03020
Ciudad de México;Cuauhtémoc;06760
Ciudad de México;Cuauhtémoc;06700
Ciudad de México;Cuauhtémoc;06720
Ciudad de México;Benito Juárez;03440
Ciudad de México;Álvaro Obregón;01110
Ciudad de México;Azcapotzalco;02530
Ciudad de México;Iztacalco;08930
Ciudad de México;Venustiano Carranza;15230
Ciudad de México;Álvaro Obregón;01285
Ciudad de México;Venustiano Carranza;15440
Ciudad de México;Venustiano Carranza;15210
Ciudad de México;Cuauhtémoc;06780
Ciudad de México;Azcapotzalco;02050
Ciudad de México;Venustiano Carranza;15220
Ciudad de México;Miguel Hidalgo;11300
Ciudad de México;Gustavo A. Madero;07890
Ciudad de México;Miguel Hidalgo;11840
Ciudad de México;Benito Juárez;03820
Ciudad de México;Miguel Hidalgo;11270
Ciudad de México;Azcapotzalco;02040
Ciudad de México;Miguel Hidalgo;11470
Ciudad de México;Gustavo A. Madero;07370
Ciudad de México;Cuauhtémoc;06000
Ciudad de México;Azcapotzalco;02460
Ciudad de México;Gustavo A. Madero;07839
Ciudad de México;Venustiano Carranza;15200
Ciudad de México;Cuauhtémoc;06820
Ciudad de México;Azcapotzalco;02020
Ciudad de México;Azcapotzalco;02320
Ciudad de México;Azcapotzalco;02080
Ciudad de México;Cuauhtémoc;06020
Ciudad de México;Gustavo A. Madero;07000
Ciudad de México;Azcapotzalco;02720
Ciudad de México;Cuauhtémoc;06030
Estado de México;Tlalnepantla de Baz;54172
Ciudad de México;Azcapotzalco;02980
Ciudad de México;Benito Juárez;03420
Ciudad de México;Venustiano Carranza;15010
Ciudad de México;Azcapotzalco;02600
Ciudad de México;Miguel Hidalgo;11430
Ciudad de México;Iztacalco;08600
Ciudad de México;Venustiano Carranza;15540
Ciudad de México;Azcapotzalco;02340
Ciudad de México;Cuauhtémoc;06600
Ciudad de México;Azcapotzalco;02830
Ciudad de México;Benito Juárez;03530
Ciudad de México;Miguel Hidalgo;11250
Ciudad de México;Venustiano Carranza;15960
Ciudad de México;Miguel Hidalgo;11230
Ciudad de México;Miguel Hidalgo;11460
Ciudad de México;Benito Juárez;03610
Ciudad de México;Azcapotzalco;02150
Ciudad de México;Cuauhtémoc;06040
Ciudad de México;Cuauhtémoc;06220
Ciudad de México;Venustiano Carranza;15530
Ciudad de México;Benito Juárez;03400
Ciudad de México;Gustavo A. Madero;07830
Ciudad de México;Miguel Hidalgo;11210
Ciudad de México;Venustiano Carranza;15900
Ciudad de México;Azcapotzalco;02060
Ciudad de México;Gustavo A. Madero;07750
Ciudad de México;Gustavo A. Madero;07740
Estado de México;Naucalpan de Juárez;53378
Estado de México;Naucalpan de Juárez;53500
Ciudad de México;Cuauhtémoc;06010
Ciudad de México;Venustiano Carranza;15330
Ciudad de México;Gustavo A. Madero;07960
Ciudad de México;Gustavo A. Madero;07850
Ciudad de México;Benito Juárez;03700
Ciudad de México;Miguel Hidalgo;11540
Ciudad de México;Venustiano Carranza;15850
Ciudad de México;Azcapotzalco;02920
Ciudad de México;Azcapotzalco;02719
Ciudad de México;Venustiano Carranza;15460
Ciudad de México;Azcapotzalco;02730
Ciudad de México;Venustiano Carranza;15380
Ciudad de México;Cuauhtémoc;06250
Ciudad de México;Benito Juárez;03430
Ciudad de México;Azcapotzalco;02800
Ciudad de México;Cuauhtémoc;06140
Ciudad de México;Gustavo A. Madero;07859
Ciudad de México;Miguel Hidalgo;11820
Estado de México;Naucalpan de Juárez;53900
Ciudad de México;Miguel Hidalgo;11260
Ciudad de México;Gustavo A. Madero;07739
Ciudad de México;Miguel Hidalgo;11490
Ciudad de México;Venustiano Carranza;15350
Ciudad de México;Iztacalco;08610
Ciudad de México;Azcapotzalco;02780
Ciudad de México;Álvaro Obregón;01419
Ciudad de México;Miguel Hidalgo;11440
Ciudad de México;Azcapotzalco;02960
Ciudad de México;Benito Juárez;03550
Estado de México;Naucalpan de Juárez;53960
Ciudad de México;Álvaro Obregón;01420
Ciudad de México;Gustavo A. Madero;07460
Ciudad de México;Miguel Hidalgo;11590
Estado de México;Naucalpan de Juárez;53970
Ciudad de México;Venustiano Carranza;15710
Ciudad de México;Miguel Hidalgo;11850
Ciudad de México;Benito Juárez;03740
Ciudad de México;Venustiano Carranza;15310
Ciudad de México;Azcapotzalco;02128
Ciudad de México;Gustavo A. Madero;07810
Ciudad de México;Azcapotzalco;02250
Ciudad de México;Gustavo A. Madero;07380
Ciudad de México;Gustavo A. Madero;07858
Ciudad de México;Iztacalco;08210
Ciudad de México;Benito Juárez;03620
Ciudad de México;Azcapotzalco;02950
Ciudad de México;Iztacalco;08220
Ciudad de México;Cuauhtémoc;06050
Ciudad de México;Iztacalco;08200
Ciudad de México;Cuauhtémoc;06860
Ciudad de México;Gustavo A. Madero;07880
Ciudad de México;Gustavo A. Madero;07470
Ciudad de México;Cuauhtémoc;06070
Ciudad de México;Benito Juárez;03560
Ciudad de México;Azcapotzalco;02870
Estado de México;Naucalpan de Juárez;53398
Ciudad de México;Venustiano Carranza;15320
Ciudad de México;Iztacalco;08230
Ciudad de México;Iztacalco;08720
Ciudad de México;Gustavo A. Madero;07754
Estado de México;Naucalpan de Juárez;53390
Ciudad de México;Venustiano Carranza;15100
Ciudad de México;Miguel Hidalgo;11830
Ciudad de México;Gustavo A. Madero;07820
Ciudad de México;Venustiano Carranza;15870
Ciudad de México;Miguel Hidalgo;11220
Ciudad de México;Iztacalco;08300
Estado de México;Naucalpan de Juárez;53950
Ciudad de México;Azcapotzalco;02240
Ciudad de México;Benito Juárez;03200
Ciudad de México;Álvaro Obregón;01130
Ciudad de México;Venustiano Carranza;15450
Ciudad de México;Gustavo A. Madero;07889
Ciudad de México;Gustavo A. Madero;07840
Ciudad de México;Azcapotzalco;02310
Ciudad de México;Azcapotzalco;02300
Estado de México;Naucalpan de Juárez;53910
Ciudad de México;Venustiano Carranza;15290
Ciudad de México;Miguel Hidalgo;11529